RILnumber,chr1.8754,chr1.1042195,chr1.1243559,chr1.3224669,chr1.3678383,chr1.6290453,chr1.7296884,chr1.8682546,chr1.8727198,chr1.9887502,chr1.13395602,chr1.15926848,chr1.15633764,chr1.17252808,chr1.18433370,chr1.19505700,chr1.20877552,chr1.21080340,chr1.22388396,chr1.24795166,chr1.25827654,chr1.26849399,chr1.27650179,chr1.28841663,chr2.208405,chr2.683840,chr2.839806,chr2.1194603,chr2.2457014,chr2.2365070,chr2.3541363,chr2.6409928,chr2.6654331,chr2.7089123,chr2.8146713,chr2.8371043,chr2.9653239,chr2.9813845,chr2.11703753,chr2.11095596,chr2.12435201,chr2.13192858,chr2.13229605,chr2.14697188,chr2.15251700,chr2.16298919,chr2.16837474,chr2.18603183,chr2.19602060,chr2.19545874,chr3.37622,chr3.580137,chr3.2968064,chr3.4141103,chr3.3963501,chr3.5140894,chr3.6057755,chr3.7307868,chr3.10055870,chr3.10361870,chr3.11192190,chr3.13596040,chr3.15880430,chr3.17381783,chr3.18780383,chr3.18948842,chr3.22787634,chr3.23042168,chr4.89659,chr4.737954,chr4.1145098,chr4.2441103,chr4.5628967,chr4.5591486,chr4.6676103,chr4.6976136,chr4.9362762,chr4.9377326,chr4.10482235,chr4.8699750,chr4.11878132,chr4.11966463,chr4.13078537,chr4.14936282,chr4.15790758,chr4.16444305,chr4.17258007,chr4.17611497,chr4.18096281,chr4.18336634,chr5.476592,chr5.1507224,chr5.1586683,chr5.2770342,chr5.2900011,chr5.4235168,chr5.5319287,chr5.6222282,chr5.7498730,chr5.7843068,chr5.8428318,chr5.9448354,chr5.13272579,chr5.10551891,chr5.14216251,chr5.13961309,chr5.16259183,chr5.17061229,chr5.17171645,chr5.17252517,chr5.18258441,chr5.19414797,chr5.20133293,chr5.21425083,chr5.22117067,chr5.23115566,chr5.24996339,chr5.24860583,chr5.26983395
,1,1,1,1,1,1,1,1,1,1,1,1,1,1,1,1,1,1,1,1,1,1,1,1,2,2,2,2,2,2,2,2,2,2,2,2,2,2,2,2,2,2,2,2,2,2,2,2,2,2,3,3,3,3,3,3,3,3,3,3,3,3,3,3,3,3,3,3,4,4,4,4,4,4,4,4,4,4,4,4,4,4,4,4,4,4,4,4,4,4,5,5,5,5,5,5,5,5,5,5,5,5,5,5,5,5,5,5,5,5,5,5,5,5,5,5,5,5,5
3,-,B,B,B,B,B,B,B,B,B,B,B,-,B,B,B,B,B,B,B,B,B,B,B,B,B,B,B,A,A,A,A,A,A,A,A,A,A,-,B,B,A,-,A,A,A,A,A,A,-,B,B,B,B,B,B,-,B,A,B,A,B,A,A,-,A,A,A,A,A,A,A,A,A,A,A,A,A,A,A,A,A,A,A,A,A,A,A,-,A,A,-,A,A,A,A,A,A,A,A,A,A,-,A,A,-,A,-,A,A,A,A,A,A,A,A,A,A,A
5,B,B,-,B,B,B,-,B,A,A,A,A,A,A,A,A,A,A,A,A,A,A,A,A,B,B,A,B,B,B,B,B,B,-,A,B,B,A,A,A,B,A,-,B,B,A,B,B,B,-,A,A,A,A,B,A,-,A,A,B,B,B,B,B,B,A,-,A,B,B,A,A,B,A,A,B,B,A,A,B,B,B,B,B,B,B,B,B,B,B,A,-,A,B,A,A,A,A,A,A,A,A,A,A,A,A,A,-,A,A,A,A,B,B,A,A,A,B,B
7,B,-,B,B,B,-,B,-,B,B,-,B,-,-,-,B,-,A,A,A,A,A,A,-,B,B,-,B,B,-,-,B,-,B,B,-,-,B,B,B,-,B,B,-,B,B,-,A,A,-,A,-,A,-,A,-,A,A,-,A,-,A,A,-,A,A,A,A,A,B,B,B,B,B,B,B,B,-,-,B,-,B,-,B,B,B,B,B,B,B,B,-,B,A,A,A,A,A,-,A,-,A,A,A,-,A,-,A,-,A,-,-,A,B,B,B,B,B,B
10,-,B,-,-,B,B,B,-,-,A,B,B,B,B,B,B,B,B,B,B,B,B,B,B,B,B,B,B,B,B,B,B,B,-,B,A,A,A,A,A,A,A,A,A,A,A,A,A,A,A,B,B,B,B,B,B,B,B,B,A,A,A,A,A,B,B,B,B,B,B,B,B,B,B,B,B,B,B,B,B,B,B,B,B,B,B,B,B,B,B,B,B,B,B,A,A,A,A,-,B,-,B,B,B,B,B,A,A,B,-,B,A,A,B,B,B,B,B,B
11,A,A,A,A,A,B,-,A,A,B,B,B,-,B,B,B,-,B,B,B,B,B,B,B,B,B,B,B,B,B,B,B,B,B,B,B,B,B,B,B,B,B,B,B,B,B,B,B,A,-,B,B,B,B,B,B,B,B,B,B,B,B,B,B,A,A,A,A,B,B,B,B,B,B,B,B,B,A,A,A,A,B,A,A,A,A,A,A,A,A,A,A,A,A,A,A,B,B,-,B,-,B,B,B,B,-,B,-,B,-,B,B,B,-,B,B,B,B,B
12,B,B,B,B,B,A,-,A,A,A,A,A,A,A,A,A,A,A,A,A,B,A,A,-,A,A,A,A,A,A,A,A,A,A,A,A,A,A,A,A,A,A,A,A,A,-,A,A,A,A,A,A,A,A,A,A,A,A,B,B,B,B,B,B,A,A,A,A,B,B,B,B,B,B,B,B,B,B,B,B,B,B,B,B,B,B,B,B,A,A,B,B,B,B,B,A,A,A,A,A,A,A,A,A,A,A,A,A,A,A,A,A,A,A,A,A,A,A,-
13,B,B,B,B,B,B,B,B,B,B,B,B,-,B,B,B,B,B,-,B,-,B,B,-,B,B,B,B,B,-,B,B,B,B,B,B,B,B,A,A,A,A,A,A,A,A,B,B,B,B,B,B,B,B,B,B,B,B,B,B,B,-,A,A,A,A,A,A,B,B,B,B,B,B,B,B,B,A,A,A,A,A,A,A,A,A,A,B,B,B,A,A,A,A,A,A,A,A,A,A,A,A,A,A,A,A,A,A,A,A,A,A,A,A,A,A,A,A,-
14,B,A,A,A,A,A,A,B,B,B,B,B,B,B,B,B,B,B,B,B,B,B,B,B,A,A,A,B,B,B,B,B,-,A,A,A,A,A,A,A,A,A,-,A,A,A,A,A,A,-,B,B,B,B,B,B,-,B,A,A,A,B,B,B,B,B,A,-,B,A,A,A,A,A,A,A,B,B,B,-,B,-,B,B,B,B,B,B,B,B,B,B,B,B,B,B,B,B,B,B,B,B,B,-,B,-,B,-,B,B,B,B,A,A,A,A,A,A,B
17,-,B,B,B,B,A,A,A,-,A,-,-,-,B,B,B,B,B,B,B,B,B,B,B,A,B,B,B,A,A,-,A,A,B,A,B,A,A,A,A,A,A,A,B,B,B,B,B,B,B,B,B,A,A,-,A,B,B,B,A,-,-,A,A,A,A,A,A,A,A,A,A,B,-,B,B,B,B,-,B,B,B,B,B,B,-,B,B,B,B,-,A,A,A,A,A,A,A,A,A,A,A,A,A,A,A,A,A,A,A,A,-,A,A,B,B,B,B,B
18,B,B,B,B,B,B,-,B,B,B,B,B,-,B,B,B,B,B,B,B,B,-,B,B,B,B,B,B,B,B,B,B,B,-,-,B,A,A,A,A,A,A,A,A,A,A,A,A,A,A,A,A,A,A,A,A,A,A,A,-,A,B,B,B,B,B,B,B,A,A,A,A,B,A,A,A,A,A,A,A,A,A,B,B,B,B,B,B,B,B,A,A,A,A,A,A,A,A,A,A,-,A,A,B,B,B,B,B,B,B,A,A,A,A,A,A,A,A,-
20,B,B,-,B,B,B,-,B,B,B,-,B,-,A,-,A,A,A,A,A,A,A,A,A,B,B,B,B,B,B,-,A,A,A,A,A,A,A,A,A,A,A,A,A,A,A,A,A,A,A,B,B,B,B,B,B,A,A,B,B,B,B,A,A,A,A,A,A,A,A,A,A,A,-,A,A,-,A,-,A,A,A,A,A,A,A,A,A,A,A,B,B,B,A,A,A,B,-,-,-,B,B,-,B,B,B,-,B,B,B,B,A,B,A,A,-,-,A,A
21,B,A,A,A,A,A,A,B,B,B,B,B,B,B,A,A,A,A,A,A,A,A,A,A,B,B,B,B,B,B,B,B,B,-,A,A,A,A,A,A,A,A,-,A,A,A,A,A,A,A,B,B,B,B,B,B,B,B,B,B,B,B,B,B,A,A,A,A,-,B,B,B,B,B,B,B,B,B,B,B,B,B,A,A,A,A,A,A,A,A,A,A,A,A,A,A,A,A,A,A,B,B,B,B,B,-,B,-,B,B,B,B,B,B,B,B,B,B,-
22,A,A,A,A,A,B,B,B,B,-,A,A,A,A,A,A,B,B,B,B,A,A,A,A,B,B,B,B,B,B,B,B,B,B,B,B,B,B,A,A,A,A,A,A,A,A,A,A,A,A,B,B,B,B,B,B,B,B,B,B,B,B,B,B,B,B,B,B,B,B,B,B,B,B,B,B,B,B,B,B,B,B,B,B,B,B,B,B,B,B,B,B,B,B,B,B,B,B,B,B,B,B,B,B,B,B,A,A,A,A,A,A,A,A,A,A,A,A,A
24,B,B,B,B,B,B,B,B,B,B,B,B,B,B,B,B,B,B,B,B,B,B,B,B,A,-,A,A,A,A,A,A,A,-,B,B,B,B,B,B,A,A,A,A,A,A,A,A,A,-,A,A,B,B,B,B,B,B,B,-,B,B,B,B,-,-,A,A,A,A,A,A,B,A,A,A,B,B,B,B,B,B,B,B,B,B,B,B,-,B,B,A,A,B,B,B,B,B,B,B,-,B,B,-,B,B,B,B,B,B,B,B,B,B,B,B,B,B,B
26,B,B,B,B,B,B,B,B,B,B,B,A,-,B,B,B,A,A,A,A,A,A,A,A,B,B,-,B,B,B,B,A,A,B,B,B,B,B,B,B,B,B,B,B,B,B,B,B,B,B,A,A,A,A,A,A,A,A,A,A,A,A,A,B,B,B,B,B,B,B,B,B,B,A,A,A,A,A,A,A,A,-,A,A,A,A,B,B,B,B,A,A,A,A,A,A,A,A,A,A,B,A,A,A,A,A,A,A,A,A,A,A,-,B,B,B,B,B,B
28,A,-,A,B,B,A,A,A,-,B,A,A,A,A,A,A,-,B,B,B,B,B,B,B,A,A,A,A,A,A,A,B,B,B,B,B,B,B,B,B,B,B,B,B,B,B,B,B,B,B,A,A,A,A,A,A,A,A,A,A,A,A,A,A,A,A,A,A,A,A,-,B,B,B,B,B,B,B,B,-,B,B,B,B,B,B,B,B,B,B,A,A,A,A,A,A,A,A,A,A,A,A,B,B,B,B,B,B,B,B,B,B,B,B,B,B,A,A,A
31,B,B,B,B,B,B,B,B,B,B,B,B,B,B,B,B,B,B,B,B,B,B,B,B,A,A,A,A,A,A,A,A,A,A,A,A,A,A,A,A,A,A,A,A,A,A,B,B,B,B,A,A,A,A,A,A,-,A,B,B,B,B,B,B,B,B,B,B,B,B,B,A,-,A,A,A,A,A,A,A,A,A,A,A,A,A,B,B,-,B,B,B,B,B,B,B,B,B,A,A,A,A,B,B,B,B,B,B,B,B,B,B,B,B,-,A,A,A,B
34,B,-,B,B,-,-,-,B,B,B,B,B,B,-,-,-,A,-,B,-,B,B,B,B,B,B,A,A,B,B,B,A,A,A,A,A,A,A,A,A,A,A,A,A,A,A,-,A,A,A,B,B,B,B,B,B,A,-,A,A,A,A,-,-,-,A,A,A,B,-,-,-,B,-,-,B,B,B,B,B,B,B,B,B,B,A,A,A,A,A,-,-,-,B,B,-,-,-,B,-,-,-,-,A,A,B,-,-,B,B,B,B,B,B,-,-,B,B,B
36,B,B,B,B,B,B,B,B,B,B,B,B,-,B,B,B,B,B,B,B,B,B,B,B,B,A,A,A,B,B,B,B,B,-,B,B,A,A,A,A,A,A,A,A,B,B,B,B,B,B,A,A,A,A,A,A,A,A,A,A,A,B,B,B,-,B,-,B,A,A,A,A,B,A,A,A,A,A,A,A,A,A,B,B,A,-,-,A,-,B,A,A,A,B,B,B,B,-,B,B,B,B,B,B,B,B,A,A,A,A,A,A,A,A,A,A,A,A,A
38,B,B,B,B,B,B,B,B,B,B,B,B,-,A,A,A,A,A,A,B,B,B,B,B,B,B,B,B,B,B,B,B,-,A,A,A,A,A,A,A,B,B,B,B,B,B,B,B,B,B,B,B,B,B,B,B,B,B,B,B,B,B,B,B,B,B,-,B,B,A,A,A,-,A,A,A,A,A,A,A,A,A,A,A,A,A,A,A,A,B,B,B,B,B,B,B,B,B,B,B,B,B,B,B,B,B,A,A,A,A,A,B,B,B,B,B,B,B,B
39,B,B,B,-,B,B,B,B,B,B,B,B,B,A,A,A,A,A,B,B,B,A,A,A,B,B,B,B,B,B,B,B,B,A,A,A,A,A,A,A,A,A,A,A,A,-,A,A,A,-,A,A,A,A,A,A,A,A,B,B,B,B,B,B,B,B,B,-,B,B,B,B,B,B,B,B,B,B,B,B,B,B,B,B,B,B,B,B,B,-,A,A,A,A,A,A,A,A,A,A,A,A,A,A,A,A,B,B,B,B,B,B,B,B,B,A,A,A,A
41,A,A,A,A,A,B,B,B,B,B,B,B,-,B,B,B,B,B,B,B,B,B,B,B,B,B,B,B,B,B,B,B,B,B,B,B,B,B,B,B,B,B,B,B,B,B,B,B,B,B,A,A,A,A,A,A,A,A,B,B,B,B,B,A,A,-,-,-,B,B,B,B,B,B,A,A,A,A,A,A,A,A,A,A,A,-,B,B,B,B,A,A,A,A,A,A,A,A,A,A,A,A,A,A,B,B,B,B,A,B,A,A,-,B,-,-,B,-,B
45,A,-,A,A,A,A,A,A,A,A,A,A,A,A,A,A,A,A,A,A,A,B,B,B,B,-,B,B,B,B,B,B,B,B,A,A,A,A,A,A,A,A,A,A,A,A,A,A,A,A,B,B,B,B,B,B,B,B,B,B,B,A,B,B,A,A,A,A,B,B,B,B,B,B,B,B,B,B,B,B,A,A,A,A,A,A,A,A,A,A,A,B,-,B,-,A,A,A,A,-,-,-,-,-,-,A,-,B,B,B,B,B,B,B,B,B,B,B,B
48,B,B,B,B,B,A,-,B,B,B,A,A,A,A,A,A,A,A,A,B,B,B,B,B,A,A,A,A,A,A,A,A,A,B,B,B,B,B,B,B,B,B,B,B,B,B,B,B,B,B,B,A,A,A,A,B,B,B,A,A,A,A,A,A,A,-,-,-,B,B,B,B,B,B,B,B,B,B,A,B,A,-,A,A,-,-,B,B,-,B,B,B,B,B,B,B,B,B,B,B,B,B,B,B,B,B,B,B,B,B,B,B,B,B,B,B,B,B,B
51,B,B,B,B,B,B,A,A,A,A,A,A,A,A,A,A,A,A,B,B,B,B,B,B,A,A,A,A,A,A,-,A,A,A,A,A,A,A,A,A,A,A,-,A,A,A,A,A,A,-,B,B,B,B,B,B,-,B,A,-,A,-,A,A,A,-,A,A,B,B,B,B,B,B,B,B,B,B,B,B,B,B,B,B,B,B,A,A,-,A,B,B,B,A,A,A,A,A,A,A,A,A,A,A,A,A,A,A,A,A,A,A,A,A,A,A,B,B,B
61,B,B,B,B,B,B,B,B,B,B,B,-,B,B,B,A,A,A,A,A,A,A,A,A,A,A,A,A,A,A,A,A,A,A,A,A,A,A,B,B,B,B,A,B,B,B,B,B,B,B,B,B,B,B,B,B,-,B,B,B,B,B,B,B,B,B,B,B,B,B,B,B,B,B,B,B,B,B,B,B,B,B,B,B,B,B,B,B,-,B,A,A,A,A,A,A,A,A,A,A,A,A,A,A,A,A,B,B,B,B,B,B,B,B,B,B,-,-,B
62,-,B,-,-,B,B,-,B,-,-,A,-,A,A,A,A,-,A,A,A,-,A,A,-,-,-,B,-,-,B,B,-,B,-,-,-,A,-,-,-,A,-,-,A,A,-,A,A,-,-,-,A,A,A,-,A,-,A,B,-,B,-,B,B,A,-,A,-,-,-,B,B,-,A,A,-,-,A,-,-,-,-,B,B,-,-,B,-,-,-,A,-,B,-,B,-,A,A,-,A,-,A,A,-,A,-,A,-,A,-,-,-,-,-,B,B,B,-,-
64,B,B,B,B,B,B,-,B,B,B,B,B,B,B,B,B,B,B,B,B,B,A,B,-,A,A,A,B,B,B,B,B,-,B,B,B,B,B,B,B,B,B,B,B,B,B,B,B,B,B,B,B,B,B,B,B,A,B,B,B,B,B,B,B,B,-,-,B,B,B,B,B,B,B,B,B,B,B,B,B,A,A,A,A,A,A,A,A,A,B,B,A,A,A,A,A,A,A,A,A,A,A,A,A,A,A,A,B,B,B,B,-,A,A,-,-,-,-,B
66,B,B,B,-,A,A,B,B,B,B,B,B,-,B,B,A,A,A,A,B,B,B,B,B,B,B,B,B,B,B,B,B,B,B,B,B,B,B,B,B,B,B,B,B,B,B,B,A,A,A,B,B,B,B,B,B,B,B,B,B,B,B,B,B,B,B,B,-,B,B,B,B,B,B,B,B,A,A,A,A,A,A,A,B,B,-,B,B,-,B,A,-,A,A,A,A,A,A,A,A,A,A,A,A,A,A,A,A,A,A,A,A,-,A,A,A,A,A,A
69,B,B,B,B,B,B,B,B,B,B,A,A,A,A,A,A,A,A,A,A,A,A,A,A,A,A,A,A,B,B,B,B,B,B,B,B,B,B,B,B,B,B,B,B,B,B,B,B,-,B,A,A,A,A,A,A,-,A,B,B,B,B,B,B,B,B,-,B,B,B,B,B,B,B,B,B,B,-,-,-,A,B,B,B,A,-,B,B,-,B,B,B,B,B,B,B,B,B,B,B,B,B,B,-,B,B,-,B,B,B,B,B,B,B,B,B,B,B,-
74,-,-,A,B,-,-,A,-,A,A,A,A,A,A,A,A,A,A,A,A,A,-,-,A,B,B,B,B,B,-,-,-,-,B,B,-,-,B,A,A,A,B,B,-,-,B,-,A,A,A,A,-,-,A,B,A,-,-,B,B,B,B,B,-,-,B,-,-,B,B,B,B,B,B,B,B,B,B,B,B,-,B,A,A,A,A,A,A,A,A,A,A,A,A,A,A,A,A,A,A,A,A,A,A,A,A,A,A,A,A,A,A,A,A,A,A,A,A,A
75,B,B,B,B,B,B,B,B,B,B,A,A,A,A,A,A,A,A,A,B,B,B,B,B,B,B,B,B,B,B,B,B,A,A,A,A,A,A,A,A,A,A,A,A,A,A,A,A,A,A,A,A,A,A,A,A,A,A,A,A,B,B,B,B,A,A,A,A,A,B,B,A,B,B,B,B,B,B,B,B,B,B,B,B,B,B,B,B,B,B,A,A,A,A,A,A,A,A,A,A,A,A,A,A,A,A,A,A,A,A,A,A,A,A,A,A,B,B,B
76,A,A,A,A,A,A,A,A,A,A,A,A,A,-,A,A,A,A,A,A,A,A,A,A,A,A,A,A,B,B,B,B,-,B,B,B,B,B,A,A,A,B,B,B,B,B,B,B,B,B,A,A,B,B,B,B,-,A,B,B,A,-,A,B,B,B,-,B,B,B,B,B,B,A,A,-,A,A,-,A,A,A,A,A,A,A,A,A,A,A,B,B,B,B,B,B,B,B,B,B,B,B,B,A,A,B,A,B,B,B,B,B,B,B,B,B,B,B,B
78,B,B,B,B,B,B,B,B,B,B,A,A,A,A,A,A,A,A,A,A,A,A,A,A,A,B,B,B,A,A,A,A,A,A,A,A,A,A,A,A,A,A,A,A,A,A,A,A,A,-,A,A,B,B,B,B,B,B,B,B,B,B,B,B,B,B,B,B,A,B,B,B,B,B,B,B,B,B,B,B,B,B,B,B,B,B,B,B,-,B,B,B,B,B,B,B,B,B,B,B,-,A,A,A,A,A,A,A,A,A,A,A,A,A,A,A,A,A,-
83,A,A,A,B,B,B,B,B,B,B,A,A,A,A,A,A,-,B,B,A,A,A,A,A,B,B,B,B,B,B,B,B,B,B,B,B,B,B,B,B,A,B,B,A,A,-,A,A,A,A,A,A,B,B,B,A,-,A,B,B,B,B,B,B,B,B,B,B,B,B,B,B,B,B,B,B,B,B,B,B,B,B,B,B,B,B,B,B,-,B,B,B,B,B,B,B,B,B,B,B,B,B,B,B,B,-,B,B,B,B,B,B,B,B,B,B,B,B,A
84,A,A,A,A,A,A,A,A,A,A,A,A,A,B,B,B,B,B,B,B,B,B,B,A,A,A,A,A,A,A,A,A,A,A,B,B,B,-,B,B,B,B,B,B,B,B,B,B,B,B,B,B,B,B,B,B,B,B,-,B,B,B,B,A,A,A,A,A,B,B,B,B,B,B,B,B,B,B,B,B,B,B,B,A,A,A,A,A,A,A,A,A,A,A,A,A,A,B,A,A,-,B,B,A,B,A,A,A,A,A,A,A,A,A,A,A,B,B,B
87,B,B,B,B,B,B,A,A,A,A,A,-,A,B,B,B,B,B,B,B,-,B,B,B,A,A,A,A,A,A,A,A,A,A,A,A,A,A,A,A,A,A,A,A,A,A,A,A,A,-,A,A,A,B,B,B,B,B,B,B,B,-,B,B,B,B,B,B,A,A,A,A,A,A,B,B,B,B,-,B,B,B,B,B,B,B,B,B,B,B,A,A,A,A,A,A,A,A,A,A,A,A,A,A,A,A,A,A,A,B,B,B,B,B,B,B,B,B,A
88,B,-,B,B,-,B,B,-,B,B,A,A,A,A,A,A,A,A,A,A,A,-,A,A,A,A,-,A,A,-,-,A,-,B,B,B,B,B,B,B,B,B,B,B,B,B,B,B,A,B,A,A,A,A,A,A,A,A,-,A,-,B,A,A,A,A,A,A,A,A,A,A,A,A,A,A,A,-,-,A,A,A,A,A,A,A,A,A,A,A,A,-,A,A,A,A,A,A,A,A,A,B,-,B,-,B,-,B,B,B,B,B,B,A,B,B,B,B,B
89,-,B,B,B,B,B,B,B,B,B,A,A,A,A,A,A,A,A,A,A,A,A,A,A,A,A,A,A,A,A,A,A,A,A,A,A,A,A,A,A,A,A,A,A,A,A,A,A,A,B,A,B,B,B,B,B,A,A,A,A,A,A,A,B,B,B,B,B,A,B,B,B,B,B,B,B,B,B,B,-,B,B,A,A,B,B,B,A,A,A,B,-,B,B,B,B,B,B,B,B,-,B,B,-,B,B,B,B,B,B,B,B,B,B,B,B,B,B,-
90,B,B,B,B,B,B,B,A,A,A,A,A,A,-,B,B,-,B,B,B,A,A,A,A,A,A,A,A,A,-,A,A,A,-,A,A,A,A,A,A,-,A,A,A,A,A,A,A,A,-,B,B,B,B,B,B,-,B,B,B,B,B,B,A,A,A,A,A,B,A,A,A,A,A,A,A,A,A,A,-,A,A,A,A,A,A,A,A,-,A,B,B,B,B,B,B,-,B,B,B,B,B,A,A,A,A,A,A,A,A,A,A,A,A,A,A,A,A,B
92,-,B,B,B,B,B,-,B,-,B,-,B,-,B,B,B,A,A,A,A,A,A,A,A,B,B,B,B,B,B,B,B,-,B,B,B,A,A,A,A,A,A,A,A,A,A,A,A,A,A,A,A,A,A,A,A,A,A,A,A,-,B,B,B,B,B,-,B,A,A,A,A,A,A,A,A,A,A,A,A,A,A,A,A,A,A,A,A,A,A,A,-,A,A,A,A,A,A,A,A,A,A,A,A,A,A,A,A,A,A,A,A,A,A,A,A,-,A,A
93,A,-,A,A,A,A,A,A,A,A,A,A,A,A,A,A,A,A,A,A,A,B,B,B,B,B,B,B,B,B,B,B,B,B,B,B,B,B,B,B,-,A,A,A,A,A,B,B,B,-,B,B,B,B,B,B,B,B,A,A,B,B,B,B,B,B,A,A,B,B,B,B,B,B,B,B,B,B,B,B,B,B,B,B,B,B,B,B,-,B,A,A,-,A,A,A,-,A,A,A,A,-,A,-,-,A,B,B,B,B,B,B,B,A,A,A,B,B,B
94,A,A,A,A,A,A,A,A,A,A,A,A,A,A,A,A,A,A,A,A,A,A,A,A,B,B,B,B,B,B,B,B,B,B,B,B,B,B,B,B,B,B,B,B,B,B,B,B,B,B,B,B,B,B,B,B,B,B,A,A,A,A,A,A,A,A,A,A,A,A,A,A,B,A,B,B,B,B,B,B,B,B,B,B,B,B,B,B,B,B,B,B,B,B,B,B,B,B,B,B,B,B,-,-,B,A,A,A,A,A,A,A,A,A,A,A,A,A,B
95,B,B,A,A,B,B,B,B,B,A,A,A,A,-,A,A,A,A,B,B,B,-,B,B,B,A,-,A,A,A,-,A,A,A,A,-,A,A,A,A,A,A,A,A,A,A,A,B,B,B,A,A,A,A,A,A,A,A,A,A,A,A,A,A,A,A,-,B,A,A,A,A,-,A,B,B,B,B,-,B,B,B,B,B,B,B,-,B,B,B,B,A,-,A,-,A,A,A,A,A,A,A,A,A,A,-,A,A,A,A,A,A,A,A,A,A,A,A,-
97,B,B,B,B,B,B,B,B,B,B,B,B,B,B,B,B,B,B,B,B,B,A,A,A,A,A,A,A,A,A,A,A,A,A,A,A,A,A,-,B,A,A,A,A,A,-,-,A,A,A,B,B,B,B,B,B,B,B,A,A,B,B,B,B,B,B,B,B,B,B,B,B,B,B,B,B,B,B,B,B,B,B,B,B,B,B,B,B,B,B,A,-,A,A,A,A,A,A,A,A,B,B,B,B,B,-,B,B,B,B,B,B,B,B,B,B,B,B,B
98,A,A,A,A,B,B,B,B,B,B,B,B,B,B,B,B,B,B,B,B,-,B,B,B,A,A,A,A,A,A,A,A,A,A,B,B,B,B,B,B,B,B,B,B,B,B,A,A,A,A,B,B,B,B,B,B,B,B,B,B,B,B,B,B,B,B,B,B,A,A,A,A,A,A,A,A,B,B,B,B,B,B,B,B,B,B,B,B,-,B,A,A,A,A,A,A,A,A,A,A,A,A,A,A,A,A,A,A,A,-,A,A,-,B,A,A,A,A,A
102,B,B,B,B,B,B,B,B,B,B,A,A,A,A,A,A,A,A,A,A,A,A,A,A,A,A,A,A,A,A,A,A,A,A,A,A,A,A,A,A,A,A,A,A,A,A,A,A,A,A,A,A,A,A,A,A,A,A,B,B,B,B,B,B,B,A,A,A,B,B,B,B,B,B,B,B,B,B,B,B,B,B,B,B,B,B,B,B,B,B,B,B,B,A,A,A,A,A,A,A,A,A,A,A,A,A,A,A,A,A,A,A,-,B,B,B,B,B,B
104,B,B,B,B,B,B,B,B,B,B,A,A,A,A,A,A,A,A,A,A,A,A,A,A,A,B,B,B,B,B,B,B,B,B,B,B,B,B,B,B,B,B,B,B,B,B,B,B,B,B,B,B,B,B,B,B,B,B,B,B,B,B,B,A,B,B,B,B,A,A,-,A,B,B,B,B,B,B,B,B,B,B,B,B,B,B,B,B,B,B,A,A,A,A,A,A,A,A,A,A,A,A,A,A,A,A,A,A,A,A,A,A,A,A,A,A,A,A,A
106,B,B,B,B,B,A,A,A,A,A,A,A,A,A,A,A,A,A,A,A,-,A,A,-,B,B,B,B,B,B,B,B,-,B,B,B,B,B,A,A,A,A,A,A,A,A,A,A,A,-,A,A,A,A,A,A,A,A,B,B,B,B,B,B,B,B,-,B,B,B,B,B,B,B,B,B,B,B,-,B,B,B,B,B,A,A,A,A,A,A,B,B,-,B,B,A,A,A,A,A,A,A,A,A,A,A,A,A,A,A,A,A,A,A,A,A,A,A,-
107,A,B,A,A,B,B,B,B,A,A,B,A,B,B,-,A,A,A,-,A,B,B,A,B,B,B,B,B,B,A,A,-,A,B,B,A,A,B,B,B,A,B,B,A,A,B,-,A,A,B,A,A,A,A,A,A,A,A,B,B,B,B,B,B,B,-,A,A,A,A,B,B,B,B,B,A,B,B,B,B,B,B,B,B,B,B,B,A,A,A,B,-,B,A,B,B,A,A,A,A,A,A,A,A,A,A,A,A,A,A,A,A,A,A,A,A,A,B,B
201,A,A,A,A,A,A,A,A,A,A,B,B,B,B,B,B,B,B,B,A,A,A,A,A,B,A,A,A,A,A,A,A,A,-,A,A,A,A,A,A,A,A,A,A,A,A,B,B,B,B,B,B,B,B,B,B,B,B,B,B,B,B,B,B,A,A,A,A,B,B,B,B,B,B,B,B,B,B,-,-,A,A,A,A,A,A,A,B,-,B,B,B,B,B,B,B,B,B,B,B,-,B,B,-,B,B,B,B,B,B,B,B,A,A,A,A,A,A,-
204,B,B,-,B,B,B,-,B,B,-,A,A,A,A,A,A,-,A,A,A,A,A,A,A,A,A,A,A,A,A,A,A,A,-,A,A,A,A,B,A,A,A,A,A,A,A,A,A,A,-,-,A,A,A,A,A,-,A,A,A,A,A,A,A,A,A,A,A,B,B,B,A,B,A,B,B,B,B,B,B,B,-,B,B,B,B,B,B,B,B,A,A,A,A,A,A,A,A,A,A,A,A,A,A,A,-,A,-,A,A,A,B,B,B,B,B,B,B,A
206,B,B,B,B,B,B,A,A,A,A,A,A,A,A,A,A,A,A,A,A,A,A,A,A,A,B,B,B,B,B,B,A,A,A,A,A,A,A,A,A,A,A,A,A,A,A,A,A,A,A,B,B,B,B,B,B,A,B,B,B,B,A,B,B,B,B,-,B,A,A,A,A,A,A,A,A,A,A,A,A,A,A,A,A,A,A,A,A,B,B,A,A,A,-,A,A,A,A,A,A,A,A,A,A,A,A,A,A,A,A,A,A,B,B,B,B,B,B,B
208,-,B,-,-,A,A,-,A,-,-,A,-,A,A,A,A,-,A,A,A,-,A,A,-,-,-,A,-,-,A,A,-,A,-,-,A,A,-,-,-,A,-,-,A,A,-,A,A,A,-,-,B,B,B,-,B,-,B,B,-,B,-,B,B,B,-,B,-,-,-,A,A,-,A,A,-,-,B,B,-,B,-,B,B,-,-,B,-,-,-,A,-,A,-,B,B,B,B,-,B,-,B,A,-,A,-,B,-,B,-,B,A,-,-,A,A,A,-,-
211,B,B,B,B,B,B,B,B,B,B,A,A,A,A,A,A,A,A,A,A,B,-,B,B,B,B,B,B,A,-,-,A,A,A,A,A,A,A,A,A,A,A,A,A,A,A,A,A,A,A,B,B,-,A,A,A,A,A,B,B,B,B,B,A,A,A,A,A,B,B,B,B,B,B,B,B,B,B,B,A,A,A,A,A,A,A,A,A,A,A,A,A,A,A,A,A,A,A,A,A,A,A,A,A,A,A,A,A,A,A,A,A,A,A,A,A,A,A,A
214,-,B,-,-,A,A,-,A,-,-,B,-,B,B,B,B,-,B,B,B,-,B,B,-,-,-,B,-,-,B,B,-,B,-,-,A,A,-,-,-,A,-,-,A,A,-,A,A,A,-,-,B,B,B,-,B,-,B,B,-,A,-,A,A,B,-,B,-,-,-,B,B,-,B,B,-,-,B,-,-,B,-,B,B,-,-,B,-,-,-,A,-,A,-,A,A,A,A,-,B,-,B,B,-,B,-,A,-,B,-,B,A,-,-,B,B,B,-,-
215,-,B,-,-,B,B,-,B,-,-,A,-,A,A,A,A,-,A,A,A,-,A,A,-,-,-,B,-,-,B,B,-,B,-,-,B,B,-,-,-,B,-,-,A,-,-,B,B,B,-,-,B,B,B,-,B,-,B,B,-,B,-,A,A,A,-,A,-,-,-,A,A,-,B,B,-,-,A,-,-,A,-,A,A,-,-,A,-,-,-,-,-,-,-,-,-,-,A,-,A,-,A,A,-,A,-,A,-,A,-,A,B,-,-,B,B,B,-,-
217,B,B,B,B,B,B,-,B,B,B,A,A,A,-,B,B,B,B,B,B,B,B,B,B,B,B,B,B,B,B,B,B,-,B,B,B,B,B,A,A,A,A,A,A,A,A,A,B,B,B,A,A,A,B,B,B,A,A,A,B,B,B,B,B,B,B,-,B,B,B,B,B,B,B,A,A,A,-,A,A,A,A,A,A,A,A,A,A,A,A,B,B,B,B,B,B,B,B,B,B,-,B,B,-,B,B,A,A,A,A,A,A,A,A,A,A,A,A,A
218,B,B,A,A,A,A,A,B,B,B,B,B,B,B,B,B,B,B,B,B,B,B,B,B,A,A,A,A,A,A,A,A,A,A,A,A,A,A,A,A,A,A,A,A,A,A,A,A,A,A,B,B,A,A,A,A,A,A,A,A,B,B,B,B,-,B,B,-,A,A,A,A,A,A,B,A,A,B,B,-,A,A,A,A,A,A,A,A,A,A,A,A,A,A,A,A,A,A,A,A,A,A,A,-,B,B,B,B,B,B,B,B,B,-,B,B,B,B,B
219,-,B,-,-,B,B,-,B,-,-,-,-,B,-,B,B,-,B,B,B,-,A,A,-,-,-,-,-,-,-,A,-,A,-,-,A,A,-,-,-,A,-,-,B,B,-,B,B,-,-,-,B,B,B,-,B,-,B,B,-,B,-,B,B,B,-,B,-,-,-,A,A,-,A,-,-,-,A,-,-,A,-,A,A,-,-,A,-,-,-,B,-,-,-,B,B,B,B,-,B,-,B,-,-,-,-,B,-,B,-,B,B,-,-,B,A,A,-,-
221,B,B,B,B,B,B,B,B,B,B,-,-,-,A,A,A,A,A,-,A,A,A,A,A,A,A,A,A,A,-,-,A,A,A,A,-,A,A,A,A,A,A,A,A,A,A,A,A,A,-,A,A,A,A,A,A,A,A,B,B,B,B,B,B,B,B,B,B,A,B,B,B,B,B,B,B,A,A,-,A,A,A,A,A,A,A,A,A,A,A,A,B,B,B,B,B,-,B,B,B,B,B,B,-,-,B,A,A,A,A,A,A,A,A,A,A,A,-,A
222,-,A,-,-,A,A,-,A,-,-,A,-,A,A,A,A,-,A,A,A,-,B,B,-,-,-,B,-,-,B,B,-,-,-,-,B,B,-,-,-,B,-,-,B,B,-,B,B,B,-,-,B,B,B,-,B,-,B,B,-,A,-,B,A,A,-,A,-,-,-,A,A,-,A,A,-,-,A,A,-,A,-,A,B,-,-,B,-,-,-,A,-,A,-,A,A,A,A,-,A,-,A,A,-,A,-,B,-,B,-,B,B,-,-,B,B,B,-,-
224,B,B,B,B,B,B,B,B,B,B,B,A,A,B,B,B,B,B,B,B,B,B,B,B,B,B,B,B,B,-,A,A,A,-,A,A,A,A,A,A,A,A,A,A,A,A,B,B,B,B,A,A,A,A,A,A,A,A,A,A,A,A,A,A,A,A,B,B,B,B,B,B,B,B,B,B,A,A,A,A,A,A,A,A,A,A,A,A,A,A,A,A,A,A,A,A,A,A,A,A,A,A,A,-,A,A,B,B,B,B,B,B,B,B,B,B,-,-,-
227,A,A,A,A,A,A,A,A,-,A,A,-,A,A,A,A,-,A,A,A,A,A,A,A,-,A,A,A,A,B,B,B,B,B,B,B,B,B,A,A,A,A,A,A,A,B,B,B,B,B,B,B,B,B,B,B,B,B,B,B,B,B,B,B,B,-,B,B,B,B,B,B,-,A,A,B,B,B,B,B,B,B,B,A,A,A,A,A,A,A,B,B,B,B,B,B,B,B,B,B,B,A,A,A,A,A,A,A,A,A,B,B,B,B,B,B,B,A,-
228,B,B,B,B,B,B,B,B,B,A,A,A,A,-,A,A,-,-,A,A,A,A,A,A,A,A,A,A,A,-,-,A,-,A,A,-,-,A,A,A,-,A,A,-,-,A,-,-,-,B,B,-,-,B,B,B,B,-,B,B,B,B,B,B,B,B,-,B,B,B,B,B,B,B,B,B,B,-,-,B,-,B,B,B,B,-,B,A,A,A,B,B,B,B,B,B,B,B,B,B,B,B,B,B,B,B,-,B,B,B,B,B,B,B,B,-,-,A,B
229,B,B,B,B,B,B,B,B,-,-,A,A,A,-,A,A,A,-,A,B,A,B,B,A,A,B,B,B,A,B,B,A,B,-,A,B,B,A,A,B,B,A,A,B,B,-,B,B,B,A,-,A,B,B,B,B,B,-,B,B,B,B,B,-,B,B,B,B,B,B,B,B,B,B,B,B,B,B,-,B,B,B,B,B,B,B,B,B,B,-,-,A,-,A,-,-,-,B,B,-,-,B,A,A,A,A,-,B,-,B,A,-,B,B,A,A,-,B,-
233,A,A,A,A,A,A,A,A,A,A,B,B,B,B,B,A,A,A,A,A,A,A,A,A,B,A,A,A,A,A,A,A,A,A,A,A,A,A,B,B,B,B,B,B,B,B,B,B,B,A,A,A,A,A,A,A,A,A,-,-,-,B,B,B,B,B,B,B,A,A,A,B,B,B,B,B,B,B,B,B,B,B,B,A,A,A,A,A,A,A,A,A,B,B,-,-,-,-,-,-,A,A,A,A,A,A,A,A,A,A,A,A,A,A,A,A,A,A,A
235,A,A,A,B,B,B,-,B,B,B,B,B,B,B,B,A,A,A,A,A,A,B,B,B,B,B,B,B,B,B,B,B,B,B,A,B,B,B,B,-,B,B,B,B,B,B,B,B,B,B,A,A,A,A,A,A,B,B,B,B,B,B,B,B,B,B,B,B,B,B,B,B,B,B,B,B,B,B,B,B,B,B,B,B,-,B,B,B,-,B,B,A,A,A,A,A,A,A,A,A,A,B,A,A,A,A,A,A,A,A,A,A,A,A,A,A,A,A,-
236,A,B,B,B,B,B,B,B,B,B,A,B,B,B,B,B,B,B,-,B,B,-,B,B,A,A,A,A,A,A,A,A,A,A,A,A,A,A,A,A,A,A,A,A,A,A,A,A,A,B,A,B,B,B,B,B,B,B,B,B,B,B,B,B,B,B,B,B,-,B,B,B,B,B,B,B,B,B,B,B,B,B,B,B,B,B,B,B,-,B,B,B,B,B,B,B,B,B,B,B,B,B,A,A,A,A,A,A,A,A,A,A,A,A,A,A,A,A,A
237,A,-,A,A,A,A,A,A,A,A,-,A,A,-,A,A,A,A,A,A,A,A,A,A,A,A,A,B,A,A,-,A,A,A,A,-,A,-,A,B,A,A,A,A,A,A,A,A,A,B,B,B,B,B,B,B,B,B,B,B,B,B,B,B,A,-,A,A,B,B,A,A,A,A,A,A,A,A,A,A,A,A,A,B,B,B,-,B,B,B,B,B,-,A,A,A,A,A,A,A,A,A,A,A,A,A,-,B,B,B,B,B,B,B,B,B,B,B,B
239,B,B,B,B,B,B,B,B,B,A,A,A,A,A,A,A,A,A,-,B,-,B,B,B,A,A,A,A,A,A,A,B,B,B,B,B,B,B,B,B,B,A,A,A,A,A,A,A,A,A,B,B,B,B,B,B,B,B,B,B,B,B,B,B,B,B,B,B,B,B,B,B,B,B,B,-,B,B,B,B,B,B,B,B,B,B,B,-,B,B,A,A,A,A,A,A,B,B,B,B,-,B,B,-,B,B,B,B,B,B,B,B,B,B,B,B,B,B,B
240,A,A,B,B,A,B,B,A,A,A,B,B,B,B,B,B,B,B,B,A,A,A,A,A,A,A,A,A,A,A,A,A,A,A,A,A,A,A,A,A,A,A,A,A,A,A,A,A,A,B,A,A,A,A,A,A,A,A,B,B,B,B,B,B,B,B,-,B,B,B,B,A,B,B,B,B,B,B,-,B,B,B,B,B,A,A,A,A,A,A,B,B,-,B,B,B,B,A,A,B,B,B,B,A,A,A,A,-,A,A,A,A,A,A,A,A,A,A,A
241,A,A,A,A,A,A,-,A,A,A,A,A,A,A,A,A,A,A,A,A,B,B,B,B,A,A,A,A,A,A,A,A,A,A,A,A,A,A,A,A,A,A,A,A,A,A,A,A,A,A,B,B,B,B,B,B,B,B,B,B,B,B,B,B,B,B,-,B,B,B,B,B,B,B,B,B,B,B,B,B,B,B,B,B,B,B,B,B,A,A,B,A,B,B,B,B,B,B,B,B,B,B,B,B,B,B,B,B,B,B,B,B,B,B,B,B,B,B,B
246,B,B,B,B,B,B,-,B,B,B,B,B,B,A,B,B,-,B,B,A,A,A,A,A,A,A,B,B,B,B,B,A,A,A,A,A,A,A,A,A,A,A,A,A,A,-,A,B,B,-,A,A,B,B,B,B,B,B,A,A,A,A,A,A,A,A,A,A,B,B,B,B,-,B,B,B,B,B,B,B,B,B,B,B,B,-,A,B,B,B,A,B,A,A,A,A,A,B,B,B,-,B,B,-,B,B,B,B,B,B,B,B,B,A,A,A,A,A,B
247,B,B,B,B,B,B,-,A,A,B,B,B,-,A,B,B,-,B,B,B,A,A,A,A,B,B,B,A,A,-,A,A,A,A,A,A,A,A,A,A,B,B,B,B,B,B,B,B,B,B,A,A,A,A,A,A,A,A,A,B,B,B,B,B,B,B,B,B,B,A,A,A,-,-,A,A,A,A,A,A,A,A,A,A,A,A,A,A,-,A,A,B,A,A,A,A,A,A,A,A,A,A,A,A,A,A,A,A,A,A,A,A,A,B,A,A,A,A,A
250,A,B,B,B,B,B,B,B,B,B,A,A,A,A,A,A,A,A,A,A,A,A,A,A,B,B,B,B,B,B,B,B,B,B,B,B,B,B,B,B,B,B,B,B,B,B,B,B,B,B,B,B,B,B,B,B,B,B,B,B,B,B,B,B,B,B,B,B,B,B,B,B,B,B,B,B,B,B,B,B,B,B,B,B,B,B,B,B,B,B,A,B,A,A,A,A,A,A,A,A,A,A,A,A,A,A,B,B,B,B,B,B,B,B,B,B,B,B,B
254,-,A,A,A,A,A,A,A,A,A,A,-,B,B,B,B,-,B,B,A,A,B,B,B,B,B,B,B,B,B,B,A,A,B,A,-,A,A,A,A,A,A,A,A,A,A,A,A,A,B,B,B,B,B,B,B,B,B,B,B,B,B,B,B,B,B,B,B,A,A,A,A,B,B,B,B,B,B,B,B,-,B,B,B,B,B,B,B,B,B,A,A,A,A,A,A,A,A,A,A,A,A,A,A,A,A,A,A,A,A,A,A,A,A,A,A,A,A,A
255,A,A,A,A,A,A,A,B,B,B,B,B,B,B,B,B,B,B,B,B,B,B,B,B,A,A,A,A,A,A,A,A,A,A,A,A,A,A,A,A,A,A,A,A,A,A,A,A,A,-,A,A,A,A,A,A,A,B,B,B,B,B,B,B,B,B,B,B,B,B,B,B,B,B,B,B,-,A,A,-,A,-,A,A,B,B,B,B,B,B,A,B,B,B,B,B,B,B,A,B,B,B,B,A,B,B,B,B,B,B,B,B,B,B,B,B,B,B,B
256,B,B,B,B,B,A,A,A,A,A,-,-,-,-,B,A,B,B,B,B,B,B,B,A,A,A,A,A,B,B,B,B,B,B,B,B,B,B,B,B,B,B,B,B,B,B,B,B,B,B,B,B,B,B,B,B,A,A,A,A,B,A,B,B,B,B,B,B,-,A,A,A,A,A,A,A,A,A,A,A,A,A,A,A,A,A,A,A,B,B,A,A,A,A,A,A,A,A,A,A,A,A,A,A,A,A,A,A,A,A,A,A,A,B,B,B,B,B,B
257,B,B,B,B,B,B,B,A,-,A,A,A,A,A,A,A,-,A,A,B,A,A,A,A,A,-,A,A,A,A,A,A,A,-,A,B,B,B,B,B,B,B,B,B,B,B,B,B,B,B,B,B,B,B,B,B,A,B,B,-,B,A,B,B,B,B,B,B,B,B,B,B,B,B,B,B,B,B,B,B,B,B,B,B,B,B,B,B,B,B,B,B,B,B,B,B,B,B,B,B,-,B,B,A,B,B,B,B,B,B,B,B,-,A,A,A,B,-,B
259,B,B,B,B,B,B,B,B,B,B,A,A,A,A,A,A,A,-,-,B,B,B,B,B,B,B,B,B,A,B,B,A,A,A,B,A,A,B,B,B,-,B,B,B,B,B,-,-,-,B,B,B,B,B,B,B,A,B,B,B,B,A,B,B,B,B,B,B,B,B,B,B,B,B,B,B,B,B,B,B,B,B,B,B,B,B,-,B,B,B,A,B,B,B,B,B,B,B,B,B,B,B,-,-,B,B,B,B,B,B,-,-,-,B,A,A,A,B,B
260,B,B,B,B,B,B,B,B,B,B,B,B,B,B,B,B,B,B,B,B,B,B,B,B,A,A,A,A,A,A,A,A,A,A,A,A,A,A,A,A,B,B,B,B,B,B,B,B,B,B,A,A,B,B,B,B,B,B,B,B,B,B,B,B,A,A,A,A,B,B,B,B,B,B,B,B,B,B,B,B,B,B,B,B,B,B,B,B,B,B,A,A,A,A,A,B,B,B,B,B,B,B,B,A,A,A,A,A,A,A,A,A,A,A,A,A,A,A,A
263,A,-,B,B,-,A,A,A,A,A,-,A,A,A,A,A,A,A,A,A,-,A,A,A,-,A,-,A,-,-,-,-,A,A,A,-,A,A,A,A,A,A,-,A,A,A,A,A,A,-,B,-,-,B,B,B,B,-,B,B,B,A,B,-,-,A,A,A,-,B,B,-,B,-,B,B,A,-,-,A,A,-,A,B,B,B,-,B,B,B,B,B,-,A,A,A,A,A,A,A,A,-,A,-,B,B,-,-,B,-,B,-,B,B,B,B,-,B,B
265,B,B,B,B,B,B,B,B,B,B,B,-,B,B,B,B,-,A,-,B,B,B,B,-,B,B,B,B,B,B,B,B,B,B,B,B,B,B,B,B,B,B,B,B,B,B,B,B,B,B,A,A,A,A,A,-,A,A,A,A,A,-,B,B,B,A,A,A,B,-,B,B,B,B,B,B,B,B,B,B,B,B,B,B,B,B,B,B,B,B,B,A,A,-,-,-,A,A,B,-,-,B,B,-,B,B,A,A,A,A,A,A,-,A,A,A,A,A,-
266,A,A,A,A,B,B,B,B,B,B,B,A,A,A,A,A,A,A,-,A,-,A,B,B,B,B,B,B,B,B,B,B,B,B,B,B,B,B,B,B,B,B,B,B,B,B,B,A,B,B,B,B,B,B,B,B,-,B,A,A,A,B,A,A,A,A,A,A,B,B,B,-,B,A,A,B,B,B,B,B,B,B,B,B,B,B,B,B,B,B,B,B,B,B,B,B,B,B,B,B,B,B,B,-,B,B,B,-,B,-,B,B,B,B,B,B,B,B,B
267,-,B,B,A,A,A,A,A,-,A,A,-,A,A,B,B,B,B,B,B,B,B,B,B,A,A,A,A,A,A,A,A,A,A,A,A,A,A,A,A,A,A,A,A,A,A,A,A,A,-,A,A,A,A,A,A,A,A,A,A,A,-,A,A,A,A,B,B,B,B,B,A,B,B,A,A,B,B,B,B,B,B,B,B,B,-,A,A,A,A,A,A,A,A,A,B,B,B,B,B,B,B,B,-,B,B,B,B,B,B,B,B,B,B,B,B,B,B,B
269,B,B,B,B,B,B,B,B,B,B,B,B,B,B,B,B,B,B,-,B,B,A,A,A,A,B,B,B,B,B,B,B,B,B,B,B,B,B,B,B,B,B,B,B,B,B,B,B,B,B,B,B,B,B,B,-,B,B,B,B,B,B,B,B,B,B,B,-,B,B,B,B,B,B,B,B,B,B,B,B,B,B,B,A,A,A,A,A,A,A,A,-,A,B,-,-,A,A,A,-,-,B,A,A,A,A,A,A,A,A,A,A,A,A,A,A,A,A,A
270,A,-,A,A,B,B,B,B,B,B,B,-,B,A,B,B,-,B,A,A,A,A,B,B,B,A,A,A,A,A,-,A,A,A,-,A,A,A,A,A,A,A,A,A,A,A,A,A,B,B,A,A,A,A,B,-,-,-,B,B,B,-,B,B,A,A,A,-,B,B,B,B,B,B,-,B,B,B,-,B,B,B,B,B,B,B,B,B,B,B,B,B,-,B,B,B,B,B,B,B,B,B,B,-,B,B,B,B,B,B,B,B,B,-,B,B,B,B,A
273,A,A,A,A,A,A,A,A,A,A,A,-,-,-,-,B,-,B,-,A,A,A,A,A,A,A,A,A,A,A,A,A,A,A,B,B,B,B,B,B,B,B,B,B,B,B,B,B,B,B,A,A,A,B,B,B,B,B,A,A,A,A,B,B,A,A,A,A,A,A,A,-,B,B,B,B,-,B,-,B,-,-,B,B,B,B,B,B,-,B,B,A,A,A,A,A,A,A,A,A,A,A,A,A,A,A,A,A,A,A,A,A,A,B,B,B,B,-,A
278,B,B,B,B,B,B,B,B,B,B,B,B,B,-,B,B,-,B,B,A,A,A,A,A,A,A,A,A,A,A,A,A,A,A,A,A,A,A,A,A,A,A,A,A,A,B,B,B,B,B,A,A,A,A,A,A,A,A,A,A,A,B,A,A,A,A,A,A,B,B,B,B,B,B,B,B,A,A,A,A,A,A,A,A,A,A,A,A,A,A,B,A,A,A,A,A,A,A,A,A,A,A,A,A,A,A,B,B,B,B,B,B,B,B,B,B,A,A,A
279,A,A,A,A,A,A,A,A,A,A,A,A,A,A,A,A,A,A,A,B,B,B,B,B,-,-,B,B,B,B,B,B,-,B,B,B,B,B,B,B,B,B,B,B,B,B,B,B,B,B,B,B,B,B,B,B,B,B,A,-,B,A,B,B,B,B,A,A,B,B,B,B,B,B,B,B,A,A,B,B,B,B,B,B,B,-,B,B,-,B,A,A,A,A,A,A,A,A,A,A,A,A,A,-,A,A,A,A,A,A,A,A,A,-,A,A,B,B,B
280,B,B,B,B,B,B,B,B,B,B,A,A,A,A,A,A,-,B,-,B,B,B,B,B,B,-,B,B,B,B,B,A,A,A,-,A,A,A,A,A,A,A,A,A,A,A,A,A,A,-,-,B,B,B,B,-,-,B,B,B,B,A,B,B,B,B,A,A,B,B,B,B,B,B,B,B,A,B,B,-,B,A,B,B,B,-,A,A,A,A,A,-,-,B,-,-,B,B,-,-,-,B,B,-,B,B,B,-,B,-,A,A,A,A,A,A,A,-,B
281,B,B,B,B,B,B,B,B,B,B,B,B,B,B,B,B,A,A,A,A,A,A,A,A,B,-,B,B,B,B,B,B,B,B,B,B,B,B,B,B,B,B,B,B,B,B,B,B,B,B,A,A,A,A,A,A,A,A,A,A,A,B,A,A,A,B,B,B,B,B,B,B,B,B,B,-,B,B,B,B,B,B,B,B,B,B,B,B,A,A,B,B,B,B,B,B,B,B,B,B,B,B,B,-,B,B,A,A,A,A,A,A,A,A,B,B,B,B,B
282,B,B,B,B,B,B,A,A,A,A,A,A,A,B,B,B,B,B,B,B,B,-,B,B,B,-,B,B,B,B,B,B,B,B,B,B,B,B,A,A,A,A,A,A,A,A,A,A,A,-,A,A,B,B,B,B,B,B,B,B,B,A,B,B,B,B,B,B,B,B,A,A,B,A,A,A,A,A,A,A,A,A,A,A,A,A,A,A,A,A,A,A,A,A,A,A,A,A,A,A,A,B,B,-,B,B,A,A,A,A,A,A,A,A,B,B,B,B,B
1000,B,B,B,B,B,B,B,B,B,B,B,B,B,B,B,B,B,B,B,B,B,B,B,B,B,B,B,B,B,B,B,B,B,B,B,B,B,B,B,B,B,B,B,B,B,B,B,B,B,B,B,B,B,B,B,B,B,B,B,B,B,B,B,B,B,B,B,B,B,B,B,B,B,B,B,B,B,B,B,B,B,B,B,B,B,B,B,B,B,B,B,B,B,B,B,B,B,B,B,B,B,B,B,B,B,B,B,B,B,B,B,B,B,B,B,B,B,B,B
1001,A,A,A,A,A,A,A,A,A,A,A,A,A,A,A,A,A,A,A,A,A,A,A,A,A,A,A,A,A,A,A,A,A,A,A,A,A,A,A,A,A,A,A,A,A,A,A,A,A,A,A,A,A,A,A,A,A,A,A,A,A,A,A,A,A,A,A,A,A,A,A,A,A,A,A,A,A,A,A,A,A,A,A,A,A,A,A,A,A,A,A,A,A,A,A,A,A,A,A,A,A,A,A,A,A,A,A,A,A,A,A,A,A,A,A,A,A,A,A